{
  "pages/auth/login": "{{#partial \"page\"}}\n<div class=\"login\">\n    {{> components/common/breadcrumbs breadcrumbs=breadcrumbs}}\n    <h1 class=\"page-heading\">{{lang 'login.heading' }}</h1>\n    {{#if forms.login.error}}\n        {{> components/common/alert/alert-error forms.login.error}}\n    {{/if}}\n    {{#if forms.login.success}}\n        {{> components/common/alert/alert-success forms.login.success}}\n    {{/if}}\n    <div class=\"login-row\">\n        <form class=\"login-form form\" action=\"{{urls.auth.check_login}}\" method=\"post\">\n            {{inject 'useValidEmail' (lang 'forms.validate.common.email_address')}}\n            {{inject 'enterPass' (lang 'forms.validate.common.password')}}\n            <div class=\"form-field\">\n                <label class=\"form-label\" for=\"login_email\">{{lang 'login.field_email'}}</label>\n                <input class=\"form-input\" name=\"login_email\" id=\"login_email\" type=\"email\">\n            </div>\n            <div class=\"form-field\">\n                <label class=\"form-label\" for=\"login_pass\">{{lang 'login.field_password'}}</label>\n                <input class=\"form-input\" id=\"login_pass\" type=\"password\" name=\"login_pass\" autocomplete=\"off\">\n            </div>\n            <div class=\"form-actions\">\n                <input type=\"submit\" class=\"button button--primary\" value=\"{{lang 'login.submit_value' }}\">\n                <a class=\"forgot-password\" href=\"{{urls.auth.forgot_password}}\">{{lang 'login.forgot_password' }}</a>\n            </div>\n        </form>\n        {{#if settings.account_creation_enabled}}\n            <div class=\"new-customer\">\n                <div class=\"panel\">\n                    <div class=\"panel-header\">\n                        <h2 class=\"panel-title\">{{lang 'login.new_customer.heading' }}</h2>\n                    </div>\n                    <div class=\"panel-body\">\n                        <p class=\"new-customer-intro\">{{lang 'login.new_customer.intro' }}</p>\n                        <ul class=\"new-customer-fact-list\">\n                            <li class=\"new-customer-fact\">{{lang 'login.new_customer.fact1' }}</li>\n                            <li class=\"new-customer-fact\">{{lang 'login.new_customer.fact2' }}</li>\n                            <li class=\"new-customer-fact\">{{lang 'login.new_customer.fact3' }}</li>\n                            <li class=\"new-customer-fact\">{{lang 'login.new_customer.fact4' }}</li>\n                            <li class=\"new-customer-fact\">{{lang 'login.new_customer.fact5' }}</li>\n                        </ul>\n                        <a href=\"{{urls.auth.create_account}}\"><button class=\"button button--primary\">{{lang 'login.new_customer.create_account' }}</button></a>\n                    </div>\n                </div>\n            </div>\n        {{/if}}\n    </div>\n</div>\n{{/partial}}\n{{> layout/base}}\n",
  "components/common/breadcrumbs": "<nav aria-label=\"Breadcrumb\">\n    <ol class=\"breadcrumbs text-left border-bottom\" style=\"margin-left:10vw;margin-right:10vw;\" itemscope itemtype=\"http://schema.org/BreadcrumbList\">\n        {{#unless theme_settings.hide_breadcrumbs }}\n            {{#each breadcrumbs}}\n                <li class=\"breadcrumb {{#if @last}}is-active{{/if}}\" itemprop=\"itemListElement\" itemscope itemtype=\"http://schema.org/ListItem\">\n                    <a class=\"breadcrumb-label\"\n                       itemprop=\"item\"\n                       href=\"{{url}}\"\n                       {{#if @last}}aria-current=\"page\"{{/if}}\n                    >\n                        <span itemprop=\"name\">{{name}}</span>\n                    </a>\n                    <meta itemprop=\"position\" content=\"{{add @index 1}}\" />\n                </li>\n            {{/each}}\n        {{/unless}}\n    </ol>\n</nav>\n",
  "components/common/alert/alert-error": "<div class=\"alertBox alertBox--error\">\n    <div class=\"alertBox-column alertBox-icon\">\n        <icon glyph=\"ic-error\" class=\"icon\" aria-hidden=\"true\"><svg xmlns=\"http://www.w3.org/2000/svg\" width=\"24\" height=\"24\" viewBox=\"0 0 24 24\"><path d=\"M12 2C6.48 2 2 6.48 2 12s4.48 10 10 10 10-4.48 10-10S17.52 2 12 2zm1 15h-2v-2h2v2zm0-4h-2V7h2v6z\"></path></svg></icon>\n    </div>\n    <p class=\"alertBox-column alertBox-message\">\n        <span id=\"alertBox-message-text\">{{{this}}}</span>\n    </p>\n</div>\n",
  "components/common/alert/alert-success": "<div class=\"alertBox alertBox--success\">\n    <div class=\"alertBox-column alertBox-icon\">\n        <icon glyph=\"ic-success\" class=\"icon\" aria-hidden=\"true\"><svg xmlns=\"http://www.w3.org/2000/svg\" width=\"24\" height=\"24\" viewBox=\"0 0 24 24\"><path d=\"M12 2C6.48 2 2 6.48 2 12s4.48 10 10 10 10-4.48 10-10S17.52 2 12 2zm1 15h-2v-2h2v2zm0-4h-2V7h2v6z\"></path></svg></icon>\n    </div>\n    <p class=\"alertBox-column alertBox-message\">\n        <span id=\"alertBox-message-text\">{{{this}}}</span>\n    </p>\n</div>\n",
  "layout/base": "<!DOCTYPE html>\r\n<html class=\"no-js\" lang=\"{{ locale_name }}\">\r\n    <head>\r\n        <title>{{ head.title }}</title>\r\n        {{{ resourceHints }}}\r\n        {{{ head.meta_tags }}}\r\n        {{{ head.config }}}\r\n        {{#block \"head\"}} {{/block}}\r\n\r\n        <link href=\"{{ head.favicon }}\" rel=\"shortcut icon\">\r\n        <meta name=\"viewport\" content=\"width=device-width, initial-scale=1\">\r\n<!--        <link href=\"//db.onlinewebfonts.com/c/6f30da158731ad84745d00cc96e35e5e?family=Tw+Cen+MT+Condensed+Extra+Bold\" rel=\"stylesheet\" type=\"text/css\"/>-->\r\n        <script>\r\n            {{!-- Change document class from no-js to js so we can detect this in css --}}\r\n            document.documentElement.className = document.documentElement.className.replace('no-js', 'js');\r\n        </script>\r\n\r\n        {{> components/common/polyfill-script }}\r\n\r\n        {{!-- Load Lazysizes script ASAP so images will appear --}}\r\n        <script>\r\n            {{!-- Only load visible elements until the onload event fires, after which preload nearby elements. --}}\r\n            window.lazySizesConfig = window.lazySizesConfig || {};\r\n            window.lazySizesConfig.loadMode = 1;\r\n        </script>\r\n        <script\r\n                src=\"https://code.jquery.com/jquery-3.6.0.js\"\r\n                integrity=\"sha256-H+K7U5CnXl1h5ywQfKtSj8PCmoN9aaq30gDh27Xc0jk=\"\r\n                crossorigin=\"anonymous\"></script>\r\n\r\n        <link rel=\"stylesheet\" href=\"{{cdn 'assets/otslider.css'}}\"/>\r\n        <script async src=\"{{cdn 'assets/dist/theme-bundle.head_async.js'}}\"></script>\r\n        <script async src=\"{{cdn 'assets/js/custom-js.js'}}\"></script>\r\n        <script async src=\"{{cdn 'assets/js/otslider.js'}}\"></script>\r\n        <script src=\"https://ajax.googleapis.com/ajax/libs/webfont/1.6.26/webfont.js\"></script>\r\n        <link rel=\"stylesheet\" href=\"https://maxcdn.bootstrapcdn.com/bootstrap/4.0.0/css/bootstrap.min.css\" integrity=\"sha384-Gn5384xqQ1aoWXA+058RXPxPg6fy4IWvTNh0E263XmFcJlSAwiGgFAW/dAiS6JXm\" crossorigin=\"anonymous\">\r\n        <link href=\"https://unpkg.com/aos@2.3.1/dist/aos.css\" rel=\"stylesheet\">\r\n        <script>\r\n            WebFont.load({\r\n                custom: {\r\n                    families: ['Karla', 'Roboto', 'Source Sans Pro']\r\n                },\r\n                classes: false\r\n            });\r\n        </script>\r\n\r\n        {{ getFontsCollection }}\r\n        {{{stylesheet '/assets/css/theme.css'}}}\r\n        {{{stylesheet '/assets/css/custom.css'}}}\r\n\r\n        {{{head.scripts}}}\r\n\r\n\r\n        {{~inject 'zoomSize' theme_settings.zoom_size}}\r\n        {{~inject 'productSize' theme_settings.product_size}}\r\n        {{~inject 'showAdminBar' theme_settings.show-admin-bar}}\r\n        {{~inject 'genericError' (lang 'common.generic_error')}}\r\n        {{~inject 'maintenanceModeSettings' settings.maintenance}}\r\n        {{~inject 'adminBarLanguage' (langJson 'admin')}}\r\n        {{~inject 'urls' urls}}\r\n        {{~inject 'secureBaseUrl' settings.secure_base_url}}\r\n        {{~inject 'cartId' cart_id}}\r\n        {{~inject 'channelId' settings.channel_id}}\r\n        {{~inject 'template' template}}\r\n        {{~inject 'validationDictionaryJSON' (langJson 'validation_messages')}}\r\n        {{~inject 'validationFallbackDictionaryJSON' (langJson 'validation_fallback_messages')}}\r\n        {{~inject 'validationDefaultDictionaryJSON' (langJson 'default_messages')}} \r\n        {{~inject 'carouselArrowAndDotAriaLabel' (lang 'carousel.arrow_and_dot_aria_label')}}\r\n        {{~inject 'carouselActiveDotAriaLabel' (lang 'carousel.active_dot_aria_label')}}\r\n        {{~inject 'carouselContentAnnounceMessage' (lang 'carousel.content_announce_message')}}\r\n    </head>\r\n    <script>\r\n        $(window).on('load',function() {\r\n            $(\".loader-master\").hide();\r\n            setTimeout(function(){\r\n                $('html, body').scrollTop(0);\r\n            },0);\r\n            $(\"body\").css(\"overflow\",\"visible\");\r\n        });\r\n    </script>\r\n    <body>\r\n    <div class=\"loader-master\">\r\n        <div class=\"loader-inner\">\r\n            <div class=\"loader\"></div>\r\n        </div>\r\n    </div>\r\n    <link rel=\"stylesheet\" href=\"https://cdnjs.cloudflare.com/ajax/libs/font-awesome/4.7.0/css/font-awesome.min.css\">\r\n        <svg data-src=\"{{cdn 'img/icon-sprite.svg'}}\" class=\"icons-svg-sprite\"></svg>\r\n        {{> components/common/header }}\r\n        {{> components/common/body }}\r\n        {{> components/common/footer }}\r\n\r\n        <script>window.__webpack_public_path__ = \"{{cdn 'assets/dist/'}}\";</script>\r\n        <script src=\"{{cdn 'assets/dist/theme-bundle.main.js'}}\"></script>\r\n        <script>\r\n            {{!-- Exported in app.js --}}\r\n            window.stencilBootstrap(\"{{page_type}}\", {{jsContext}}).load();\r\n        </script>\r\n\r\n        {{{footer.scripts}}}\r\n    </body>\r\n    <script src=\"https://unpkg.com/aos@2.3.1/dist/aos.js\"></script>\r\n</html>\r\n\r\n<script>\r\n\r\n\r\n  $(document).ready(function(){\r\n      AOS.init();\r\n      if(window.location.pathname == '/about-us/'){\r\n          let otslider = new OTSlider();\r\n          otslider.init({\r\n              duration: 3000,\r\n              autoPlay : true,\r\n              pauseOnHover : true\r\n          });\r\n      }\r\n\r\n\r\n  });\r\n\r\n\r\n</script>\r\n\r\n",
  "components/common/polyfill-script": "<script>\n    {{!--\n        Check for modern browser features, and load polyfills if browser does not appear to support features\n        we need.\n\n            Polyfill approach is all or nothing - please import needed polyfills in /assets/js/polyfills.js\n\n        Inspired by https://philipwalton.com/articles/loading-polyfills-only-when-needed/\n            --}}\n    function browserSupportsAllFeatures() {\n        return window.Promise\n            && window.fetch\n            && window.URL\n            && window.URLSearchParams\n            && window.WeakMap\n            // object-fit support\n            && ('objectFit' in document.documentElement.style);\n    }\n\n    function loadScript(src) {\n        var js = document.createElement('script');\n        js.src = src;\n        js.onerror = function () {\n            console.error('Failed to load polyfill script ' + src);\n        };\n        document.head.appendChild(js);\n    }\n\n    if (!browserSupportsAllFeatures()) {\n        loadScript('{{cdn 'assets/dist/theme-bundle.polyfills.js'}}');\n    }\n</script>\n",
  "components/common/header": "<a href=\"#main-content\" class=\"skip-to-main-link\">{{lang 'header.skip_to_main'}}</a>\n{{#if banners.top}}\n<div class=\"banners\" data-banner-location=\"top\">\n    {{#each (limit banners.top_metadata 1)}}\n    <div class=\"banner\" data-event-type=\"promotion\" data-entity-id=\"{{this.id}}\" data-name=\"{{this.banner-name}}\" data-position=\"{{this.location}}\" data-banner-id=\"{{this.banner-name}}\">\n        <div data-event-type=\"promotion-click\">\n            {{{this.content}}}\n        </div>\n    </div>\n    {{/each}}\n</div>\n{{/if}}\n<header class=\"header\" role=\"banner\">\n    <a href=\"#\" class=\"mobileMenu-toggle\" data-mobile-menu-toggle=\"menu\">\n        <span class=\"mobileMenu-toggleIcon\">Toggle menu</span>\n    </a>\n    {{> components/common/navigation}}\n\n<!--    {{#if page_type '===' 'default'}}-->\n<!--        <h1 class=\"header-logo header-logo&#45;&#45;{{theme_settings.logo-position}}\">-->\n<!--            {{> components/common/store-logo}}-->\n<!--        </h1>-->\n<!--    {{else}}-->\n<!--        <div class=\"header-logo header-logo&#45;&#45;{{theme_settings.logo-position}}\">-->\n<!--            {{> components/common/store-logo}}-->\n<!--        </div>-->\n<!--    {{/if}}-->\n    <div class=\"navPages-container\" id=\"menu\" data-menu>\n        {{> components/common/navigation-menu}}\n    </div>\n</header>\n{{{region name=\"header_bottom--global\"}}}\n{{{region name=\"header_bottom\"}}}\n",
  "components/common/footer": "<!--{{#if banners.bottom}}-->\n<!--    {{#if settings.data_tag_enabled}}-->\n<!--        <div class=\"banners\" data-banner-location=\"bottom\">-->\n<!--            {{#each (limit banners.bottom_metadata 1)}}-->\n<!--                <div class=\"banner\" data-event-type=\"promotion\" data-entity-id=\"{{this.id}}\" data-name=\"{{this.banner-name}}\" data-position=\"{{this.location}}\" data-name=\"{{this.banner-name}}\">-->\n<!--                    <div data-event-type=\"promotion-click\">-->\n<!--                        {{{this.content}}}-->\n<!--                    </div>-->\n<!--                </div>-->\n<!--            {{/each}}-->\n<!--        </div>-->\n<!--    {{else}}-->\n<!--        <div class=\"banners\" data-banner-location=\"bottom\">-->\n<!--            <div class=\"banner\">-->\n<!--                {{{limit banners.bottom 1}}}-->\n<!--            </div>-->\n<!--        </div>-->\n<!--    {{/if}}-->\n\n<!--{{/if}}-->\n<!--<footer class=\"footer\" role=\"contentinfo\" style=\"background-color: #0c1221\">-->\n<!--    <h2 class=\"footer-title-sr-only\">{{lang 'footer.title'}}</h2>-->\n<!--    <div class=\"container\">-->\n<!--        {{#if theme_settings.social_icon_placement_bottom '!==' 'bottom_none'}}-->\n<!--            <article class=\"footer-info-col-->\n<!--                footer-info-col&#45;&#45;social-->\n<!--                footer-info-col&#45;&#45;{{#if theme_settings.social_icon_placement_bottom '===' 'bottom_left'}}left{{else}}right{{/if}}\"-->\n<!--                data-section-type=\"footer-webPages\">-->\n<!--                    <h3 class=\"footer-info-heading\">{{lang 'social.connect'}}</h3>-->\n<!--                    {{> components/common/social-links}}-->\n<!--            </article>-->\n<!--        {{/if}}-->\n<!--        <section class=\"footer-info\">-->\n<!--            <article class=\"footer-info-col footer-info-col&#45;&#45;small\" data-section-type=\"footer-webPages\">-->\n<!--                <h3 class=\"footer-info-heading\">{{lang 'footer.navigate'}}</h3>-->\n<!--                <ul class=\"footer-info-list\">-->\n<!--                    {{#each pages}}-->\n<!--                        <li>-->\n<!--                            <a href=\"{{url}}\">{{name}}</a>-->\n<!--                        </li>-->\n<!--                    {{/each}}-->\n<!--                    <li>-->\n<!--                        <a href=\"{{urls.sitemap}}\">{{lang 'sitemap.page_title'}}</a>-->\n<!--                    </li>-->\n<!--                </ul>-->\n<!--            </article>-->\n\n<!--            <article class=\"footer-info-col footer-info-col&#45;&#45;small\" data-section-type=\"footer-categories\">-->\n<!--                <h3 class=\"footer-info-heading\">{{lang 'footer.categories'}}</h3>-->\n<!--                <ul class=\"footer-info-list\">-->\n<!--                    {{#each categories}}-->\n<!--                        <li>-->\n<!--                            <a href=\"{{url}}\">{{name}}</a>-->\n<!--                        </li>-->\n<!--                    {{/each}}-->\n<!--                </ul>-->\n<!--            </article>-->\n\n<!--            {{#and theme_settings.shop_by_brand_show_footer shop_by_brand.length}}-->\n<!--            <article class=\"footer-info-col footer-info-col&#45;&#45;small\" data-section-type=\"footer-brands\">-->\n<!--                <h3 class=\"footer-info-heading\">{{lang 'footer.brands'}}</h3>-->\n<!--                <ul class=\"footer-info-list\">-->\n<!--                    {{#each shop_by_brand}}-->\n<!--                        <li>-->\n<!--                            <a href=\"{{url}}\">{{name}}</a>-->\n<!--                        </li>-->\n<!--                    {{/each}}-->\n<!--                    <li><a href=\"{{urls.brands}}\">{{lang 'common.view_all'}}</a></li>-->\n<!--                </ul>-->\n<!--            </article>-->\n<!--            {{/and}}-->\n\n<!--            {{#if settings.address}}-->\n<!--            <article class=\"footer-info-col footer-info-col&#45;&#45;small\" data-section-type=\"storeInfo\">-->\n<!--                <h3 class=\"footer-info-heading\">{{lang 'footer.info'}}</h3>-->\n<!--                <address>{{nl2br settings.address}}</address>-->\n<!--                {{#if settings.phone_number}}-->\n<!--                    <strong>{{lang 'footer.call_us' phone_number=settings.phone_number}}</strong>-->\n<!--                {{/if}}-->\n<!--            </article>-->\n<!--            {{/if}}-->\n\n<!--            <article class=\"footer-info-col\" data-section-type=\"newsletterSubscription\">-->\n<!--                {{#if settings.show_newsletter_box}}-->\n<!--                    {{> components/common/subscription-form}}-->\n<!--                {{/if}}-->\n<!--                {{> components/common/payment-icons}}-->\n<!--            </article>-->\n<!--        </section>-->\n<!--        {{#if theme_settings.geotrust_ssl_common_name}}-->\n<!--            <div class=\"footer-geotrust-ssl-seal\">-->\n<!--                {{> components/common/geotrust-ssl-seal}}-->\n<!--            </div>-->\n<!--        {{/if}}-->\n<!--        {{#if settings.paypal_commerce_credit_message}}-->\n<!--        <div class=\"footer-copyright\">-->\n<!--            <p class=\"paypal-credit\">{{nl2br settings.paypal_commerce_credit_message}}</p>-->\n<!--        </div>-->\n<!--        {{/if}}-->\n<!--        {{#if theme_settings.show_powered_by}}-->\n<!--            <div class=\"footer-copyright\">-->\n<!--                <p class=\"powered-by\">{{lang 'footer.powered_by'}} <a href=\"https://www.bigcommerce.com?utm_source=merchant&amp;utm_medium=poweredbyBC\" rel=\"nofollow\">BigCommerce</a></p>-->\n<!--            </div>-->\n<!--        {{/if}}-->\n<!--        {{#if theme_settings.show_copyright_footer}}-->\n<!--            <div class=\"footer-copyright\">-->\n<!--                <p class=\"powered-by\">&copy; {{moment format=\"YYYY\"}} {{settings.store_name}} </p>-->\n<!--            </div>-->\n<!--        {{/if}}-->\n<!--    </div>-->\n<!--</footer>-->\n\n<footer class=\"row footer-info-links\">\n    <section class=\"col footer-content-container\">\n        <div class=\"row\">\n            <div class=\"col\"><div class=\"footer-header\">Bedding Stock</div></div>\n        </div>\n        <div class=\"row\">\n            <div class=\"col links-container mt-5\"><a href=\"/about-us\" class=\"links\">About Us</a></div>\n        </div>\n        <div class=\"row\">\n            <div class=\"col links-container\"><a href=\"/product-certification-features\" class=\"links\">Product Certifications and Features</a></div>\n        </div>\n        <div class=\"row\">\n            <div class=\"col links-container\"><a href=\"/comparison\" class=\"links\">Comparison</a></div>\n        </div>\n        <div class=\"row\">\n            <div class=\"col links-container\"><a href=\"/fake-reviews\" class=\"links\">Fake Reviews</a></div>\n        </div>\n\n        <div class=\"row\">\n            <div class=\"col footer-button-buy-mattress-container\">\n                <div class=\"footer-button-buy-mattress\">\n                    BUY MATTRESS\n                </div>\n            </div>\n        </div>\n    </section>\n    <section class=\"col footer-content-container support-container\">\n            <div class=\"row\">\n                <div class=\"col\"><div class=\"footer-header\">Support</div></div>\n            </div>\n        <div class=\"row\">\n            <div class=\"col links-container mt-5\"><a href=\"/blog\" class=\"links\">Blog</a></div>\n        </div>\n        <div class=\"row\">\n            <div class=\"col links-container\"><a href=\"/setup-care-instructions\" class=\"links\">Set up & Care Instructions</a></div>\n        </div>\n        <div class=\"row\">\n            <div class=\"col links-container\"><a href=\"/faqs\" class=\"links\">FAQs</a></div>\n        </div>\n        <div class=\"row\">\n            <div class=\"col links-container\"><a href=\"/100-night-sleep-trial\" class=\"links\">100-Night Sleep Trial</a></div>\n        </div>\n        <div class=\"row\">\n            <div class=\"col links-container\"><a href=\"/shipping-transit-chart\" class=\"links\">Shipping Transit Chart</a></div>\n        </div>\n    </section>\n    <section class=\"col footer-content-container\">\n        <div class=\"row\">\n            <div class=\"col\">\n                <div class=\"footer-header\">Company</div>\n            </div>\n        </div>\n        <div class=\"row\">\n            <div class=\"col mt-5 contact-information-container\">\n                <span class=\"contact-information\">\n                    Phone:1(888) 732-7197<br>\n                    Email:support@beddingstock.com<br>\n                    Customer Service Hours:Mon-Fri:8am - 5pm\n\n                </span>\n            </div>\n        </div>\n        <div class=\"row\">\n            <div class=\"col contact-icons-container\">\n                <div class=\"contact-icons\">\n                    <span class=\"rounded-circle\">\n                        <i class=\"fa fa-facebook\"></i>\n                    </span>\n                    <span class=\"rounded-circle\">\n                        <i class=\"fa fa-twitter\"></i>\n                    </span>\n                    <span class=\"rounded-circle\">\n                        <i class=\"fa fa-google-plus \"></i>\n                    </span>\n                    <span class=\"rounded-circle\">\n                        <i class=\"fa fa-youtube\"></i>\n                    </span>\n                    <span class=\"rounded-circle\">\n                        <i class=\"fa fa-pinterest\"></i>\n                    </span>\n                    <span class=\"rounded-circle\">\n                        <i class=\"fa fa-linkedin\"></i>\n                    </span>\n                </div>\n            </div>\n        </div>\n\n    </section>\n</footer>\n<footer class=\"row powered-by d-flex\">\n    <div class=\"very-footer-container\">\n        <div class=\"text-left very-footer-content\">\n            <div class=\"text-muted text-power-by\">\n                Powered by BigCommerce<br>\n                &copy; 2019 BEDDINGSTOCK.COM ALL RIGHTS RESERVED.\n            </div>\n        </div>\n    </div>\n    <div class=\"very-footer-container\">\n        <div class=\"stamped\">\n                <img  src=\"{{cdn 'assets/img/stamped-footer.png'}}\" class=\"mid-footer img-1-footer\"  style=\"top:-5px;\"alt=\"stamped\"/>\n                <img  src=\"{{cdn 'assets/img/godaddy-footer.png'}}\" class=\"mid-footer img-2-footer\" alt=\"stamped\"/>\n       </div>\n\n    </div>\n    <div class=\"very-footer-container\">\n            <div class=\"payment-options text-right\">\n                <img src=\"{{cdn 'assets/img/payment-options-footer.png'}}\" class=\"img-fluid very-footer-img\" alt=\"payment\"/>\n            </div>\n    </div>\n</footer>\n\n\n",
  "components/common/body": "<main class=\"body\" id='main-content' role='main' data-currency-code=\"{{currency_selector.active_currency_code}}\">\n    {{#block \"hero\"}} {{/block}}\n    <div class=\"global-container px-0\">\n        {{#block \"page\"}} {{/block}}\n    </div>\n    {{> components/common/modal/modal}}\n    {{> components/common/alert/alert-modal}}\n</main>\n",
  "components/common/navigation": "<!--<nav class=\"navUser\">-->\n\n<!--</nav>-->\n\n<!--<nav class=\"navUser\">-->\n<!--    {{> components/common/currency-selector}}-->\n\n<!--    <ul class=\"navUser-section navUser-section&#45;&#45;alt\">-->\n<!--        {{#if customer.store_credit.value '>' 0}}-->\n\n<!--            <li class=\"navUser-item\">-->\n<!--                <a class=\"navUser-action navUser-action&#45;&#45;storeCredit\"-->\n<!--                   data-dropdown=\"storeCredit-dropdown\"-->\n<!--                   data-options=\"align:bottom\"-->\n<!--                   href=\"{{urls.cart}}\"-->\n<!--                   aria-label=\"{{lang 'common.store_credit_overview' credit=customer.store_credit.formatted}}\"-->\n<!--                >-->\n<!--                    <span class=\"navUser-action-divider\">-->\n<!--                        {{lang 'common.store_credit_overview' credit=customer.store_credit.formatted}}-->\n<!--                    </span>-->\n<!--                </a>-->\n<!--                <div class=\"dropdown-menu\" id=\"storeCredit-dropdown\" data-dropdown-content aria-hidden=\"true\">-->\n<!--                    {{{lang 'common.store_credit' store_credit=customer.store_credit.formatted}}}-->\n<!--                </div>-->\n<!--            </li>-->\n<!--        {{/if}}-->\n<!--        <li class=\"navUser-item\">-->\n<!--            <a class=\"navUser-action navUser-item&#45;&#45;compare\"-->\n<!--               href=\"{{urls.compare}}\"-->\n<!--               data-compare-nav-->\n<!--               aria-label=\"{{lang 'common.compare'}}\"-->\n<!--            >-->\n<!--                {{lang 'common.compare'}} <span class=\"countPill countPill&#45;&#45;positive countPill&#45;&#45;alt\"></span>-->\n<!--            </a>-->\n<!--        </li>-->\n<!--        {{#if theme_settings.social_icon_placement_top}}-->\n<!--            <li class=\"navUser-item navUser-item&#45;&#45;social\">-->\n<!--                {{> components/common/social-links}}-->\n<!--            </li>-->\n<!--            <li class=\"navUser-item navUser-item&#45;&#45;divider\">|</li>-->\n<!--        {{/if}}-->\n<!--        <li class=\"navUser-item\">-->\n<!--            <button class=\"navUser-action navUser-action&#45;&#45;quickSearch\"-->\n<!--               type=\"button\"-->\n<!--               id=\"quick-search-expand\"-->\n<!--               data-search=\"quickSearch\"-->\n<!--               aria-controls=\"quickSearch\"-->\n<!--               aria-label=\"{{lang 'common.search'}}\"-->\n<!--            >-->\n<!--            <i class=\"fa fa-search\"></i>-->\n<!--            </button>-->\n\n<!--        </li>-->\n<!--        {{#if settings.gift_certificates_enabled}}-->\n<!--            <li class=\"navUser-item\">-->\n<!--                <a class=\"navUser-action\"-->\n<!--                   href=\"{{urls.gift_certificate.purchase}}\"-->\n<!--                   aria-label=\"{{lang 'common.gift_cert'}}\"-->\n<!--                >-->\n<!--                    {{lang 'common.gift_cert'}}-->\n<!--                </a>-->\n<!--            </li>-->\n<!--        {{/if}}-->\n<!--        <li class=\"navUser-item navUser-item&#45;&#45;account\">-->\n<!--            {{#if customer}}-->\n<!--                <a class=\"navUser-action\"-->\n<!--                   href=\"{{urls.account.index}}\"-->\n<!--                   aria-label=\"{{lang 'common.account'}}\"-->\n<!--                >-->\n<!--                    {{lang 'common.account'}}-->\n<!--                </a>-->\n<!--                <a class=\"navUser-action\"-->\n<!--                   href=\"{{urls.auth.logout}}\"-->\n<!--                   aria-label=\"{{lang 'common.logout'}}\"-->\n<!--                >-->\n<!--                    {{lang 'common.logout'}}-->\n<!--                </a>-->\n<!--            {{else}}-->\n<!--                <a class=\"navUser-action\"-->\n<!--                   href=\"{{urls.auth.login}}\"-->\n<!--                   aria-label=\"{{lang 'common.login'}}\"-->\n<!--                >-->\n<!--                    {{lang 'common.login'}}-->\n<!--                </a>-->\n<!--&lt;!&ndash;                {{#if settings.account_creation_enabled}}&ndash;&gt;-->\n<!--&lt;!&ndash;                    <span class=\"navUser-or\">{{lang 'common.or'}}</span>&ndash;&gt;-->\n<!--&lt;!&ndash;                    <a class=\"navUser-action\"&ndash;&gt;-->\n<!--&lt;!&ndash;                       href=\"{{urls.auth.create_account}}\"&ndash;&gt;-->\n<!--&lt;!&ndash;                       aria-label=\"{{lang 'common.sign_up'}}\"&ndash;&gt;-->\n<!--&lt;!&ndash;                    >&ndash;&gt;-->\n<!--&lt;!&ndash;                        {{lang 'common.sign_up'}}&ndash;&gt;-->\n<!--&lt;!&ndash;                    </a>&ndash;&gt;-->\n<!--&lt;!&ndash;                {{/if}}&ndash;&gt;-->\n<!--            {{/if}}-->\n<!--        </li>-->\n<!--        <li class=\"navUser-item navUser-item&#45;&#45;cart\">-->\n<!--            <a class=\"navUser-action\"-->\n<!--               data-cart-preview-->\n<!--               data-dropdown=\"cart-preview-dropdown\"-->\n<!--               data-options=\"align:right\"-->\n<!--               href=\"{{urls.cart}}\"-->\n<!--               aria-label=\"{{lang 'cart.nav_aria_label'}}\"-->\n<!--            >-->\n<!--                <span class=\"navUser-item-cartLabel\">{{lang 'common.cart'}}</span>-->\n<!--                <span class=\"countPill cart-quantity\"></span>-->\n<!--            </a>-->\n\n<!--            <div class=\"dropdown-menu\" id=\"cart-preview-dropdown\" data-dropdown-content aria-hidden=\"true\"></div>-->\n<!--        </li>-->\n<!--    </ul>-->\n<!--    <div class=\"dropdown dropdown&#45;&#45;quickSearch\" id=\"quickSearch\" aria-hidden=\"true\" data-prevent-quick-search-close>-->\n<!--        {{> components/common/quick-search name='nav-quick-search'}}-->\n<!--    </div>-->\n\n\n<!--</nav>-->\n\n<div class=\"row-top row px-5 m-0\" style=\"background-color:#0c1221\">\n    <div class=\"col px-3\">\n        <nav class=\"navUser text-right navPages-action x\">\n            <span  class=\"very-top\" style=\"font-weight:500;!important;color:#ff993e\">\n\n                {{lang 'header.treat' }}\n            </span>\n        </nav>\n    </div>\n    <div class=\"col px-3\">\n        <nav class=\"navUser text-center navPages-action x\">\n            <span class=\"very-top\" style=\"font-weight:500 !important;color:#ff993e\">{{lang 'header.use_coupon_code'}}</span>\n            <span class=\"very-top\" style=\"color:#ff993e;font-weight:900 !important;\">{{lang 'header.coupon_code' }}</span>\n        </nav>\n    </div>\n    <div class=\"col text-left\">\n        <nav class=\"navUser\" style=\"width:300px !important;\">\n            {{> components/common/currency-selector}}\n\n            <ul class=\"navUser-section navUser-section--alt\">\n                <li class=\"navUser-item\">\n                    <a class=\"navUser-action navUser-action--quickSearch\" href=\"#\" data-search=\"quickSearch\" aria-controls=\"quickSearch\" aria-expanded=\"false\"><i class=\"fa fa-search text-secondary\"></i></a>\n                </li>\n                {{#if settings.account_creation_enabled}}\n                <li class=\"navUser-item\">\n                    <a class=\"navUser-action navUser-item--compare\" href=\"{{urls.compare}}\" data-compare-nav>{{lang 'common.compare'}} <span class=\"countPill countPill--positive countPill--alt\"></span></a>\n                </li>\n                <li class=\"navUser-item navUser-item--account\">\n                    <a class=\"navUser-action has-dropdown\" href=\"#\" data-dropdown=\"userSelection\" aria-controls=\"userSelection\" aria-expanded=\"false\">\n                        <i class=\"fa fa-user text-secondary\"></i>\n                        <span class=\"navUser-title text-secondary\">{{lang 'Account'}}</span>\n                        <!--<i class=\"icon\" aria-hidden=\"true\"><svg><use xlink:href=\"#icon-chevron-down\" /></svg></i>-->\n                    </a>\n                    <ul class=\"dropdown-menu\" id=\"userSelection\" data-dropdown-content aria-hidden=\"true\" tabindex=\"-1\">\n                        {{#if customer}}\n                        <li class=\"dropdown-menu-item\">\n                            <a href=\"{{urls.account.index}}\">\n                                <i class=\"fa fa-user\"></i>\n                                <span class=\"navUser-title\">{{lang 'common.account'}}</span>\n                            </a>\n                        </li>\n                        <li class=\"dropdown-menu-item\">\n                            <a href=\"{{urls.auth.logout}}\">\n                                <i class=\"fa fa-sign-in\"></i>\n                                <span class=\"navUser-title\">{{lang 'common.logout'}}</span>\n                            </a>\n                        </li>\n                        {{else}}\n                        <li class=\"dropdown-menu-item\">\n                            <a href=\"{{urls.auth.login}}\">\n                                <i class=\"fa fa-sign-in\"></i>\n                                <span class=\"navUser-title\">{{lang 'common.login'}}</span>\n                            </a>\n                        </li>\n                        <li class=\"dropdown-menu-item\">\n                            <a href=\"{{urls.auth.create_account}}\">\n                                <i class=\"fa fa-user-plus\"></i>\n                                <span class=\"navUser-title\">{{lang 'common.sign_up'}}</span>\n                            </a>\n                        </li>\n                        {{/if}}\n                        <li class=\"dropdown-menu-item\">\n                            <a href=\"{{urls.account.wishlists.all}}\">\n                                <i class=\"fa fa-heart\"></i>\n                                <span class=\"navUser-title\">{{lang 'common.wishlist'}}</span>\n                            </a>\n                        </li>\n                        {{#if settings.gift_certificates_enabled}}\n                        <li class=\"dropdown-menu-item\">\n                            <a href=\"{{urls.gift_certificate.purchase}}\">\n                                <i class=\"fa fa-gift\" aria-hidden=\"true\"></i>\n                                <span class=\"navUser-title\">{{lang 'common.gift_cert'}}</span>\n                            </a>\n                        </li>\n                        {{/if}}\n                    </ul>\n                </li>\n                {{/if}}\n            </ul>\n            <div class=\"dropdown dropdown--quickSearch\" id=\"quickSearch\" aria-hidden=\"true\" tabindex=\"-1\" data-prevent-quick-search-close >\n                {{> components/common/quick-search}}\n            </div>\n\n        </nav>\n    </div>\n</div>\n\n\n",
  "components/common/navigation-menu": "<nav class=\"navPages\" style=\"position:fixed;min-width:100%;height:auto;padding-top:20px;padding-bottom:20px;\">\n\n    <div class=\"navPages-quickSearch\">\n        {{> components/common/quick-search name='nav-menu-quick-search'}}\n    </div>\n    <ul class=\"navPages-list{{#if theme_settings.navigation_design '!==' 'simple'}} navPages-list-depth-max{{/if}} py-2\">\n        <li class=\"navPages-item navPages-item-page\">\n            <div class=\"header-logo header-logo--{{theme_settings.logo-position}}\" style=\"margin:0px !important;padding-top:5px;\">\n                 {{> components/common/store-logo}}\n            </div>\n        </li>\n\n        {{#each categories}}\n            <li class=\"navPages-item\">\n            {{#if ../theme_settings.navigation_design '===' 'simple'}}\n                {{> components/common/navigation-list}}\n            {{/if}}\n            {{#if ../theme_settings.navigation_design '===' 'alternate'}}\n                {{> components/common/navigation-list-alternate}}\n            {{/if}}\n            </li>\n        {{/each}}\n\n        {{#unless theme_settings.hide_content_navigation}}\n            {{#each pages}}\n                 <li class=\"navPages-item navPages-item-page\">\n                     <a class=\"navPages-action {{#if name '==' ../page.title}} activePage{{/if}}\"\n                        href=\"{{url}}\"\n                        aria-label=\"{{name}}\"\n                     >\n                         {{name}}\n                     </a>\n                 </li>\n             {{/each}}\n        {{/unless}}\n                <li class=\"navPages-item navPages-item-page\" id=\"my_cart_header_container\">\n                    <a class=\"navPages-action\" href=\"#\" id=\"my_cart_header\"><i class=\"fa fa-shopping-cart\"></i>&nbsp;&nbsp;My Cart <span class=\"countPill\">0</span></a>\n                </li>\n<!--            <li class=\"navPages-item navPages-item-page\">-->\n<!--                    <a-->\n<!--                            style=\"letter-spacing: 3px\"-->\n<!--                            data-dropdown=\"cart-preview-dropdown\"-->\n<!--                            href=\"{{urls.cart}}\">-->\n\n<!--                        <span class=\"cart-hover navUser-item&#45;&#45;cart navPages-action fa fa-shopping-cart animation-element wiggle duration-1500 infinite\" style=\"line-height: 30px;\">   {{lang 'cart.my_cart'}} <span class=\"countPill{{#if cart.items}} countPill&#45;&#45;positive{{/if}} cart-quantity\">0</span></span>-->\n<!--                    </a>-->\n<!--                    <div class=\"dropdown-menu\" id=\"cart-preview-dropdown\" data-dropdown-content aria-hidden=\"true\"></div>-->\n\n<!--            </li>-->\n\n    </ul>\n    <ul class=\"navPages-list navPages-list--user\">\n        {{#if currency_selector.currencies.length '>' 1}}\n            <li class=\"navPages-item\">\n                <a class=\"navPages-action has-subMenu\"\n                   href=\"#\"\n                   data-collapsible=\"navPages-currency\"\n                   aria-controls=\"navPages-currency\"\n                   aria-expanded=\"false\"\n                   aria-label=\"{{lang 'common.currency' code=currency_selector.active_currency_code}}\"\n                >\n                    {{lang 'common.currency' code=currency_selector.active_currency_code}}\n                    <i class=\"icon navPages-action-moreIcon\" aria-hidden=\"true\">\n                        <svg>\n                            <use xmlns:xlink=\"http://www.w3.org/1999/xlink\" xlink:href=\"#icon-chevron-down\"></use>\n                        </svg>\n                    </i>\n                </a>\n                <div class=\"navPage-subMenu\" id=\"navPages-currency\" aria-hidden=\"true\" tabindex=\"-1\">\n                    <ul class=\"navPage-subMenu-list\">\n                        {{#each currency_selector.currencies}}\n                        <li class=\"navPage-subMenu-item\">\n                            <a class=\"navPage-subMenu-action navPages-action\"\n                               href=\"{{{switch_url}}}\"\n                               aria-label=\"{{name}}\"\n                               data-currency-code=\"{{{code}}}\"\n                               {{#if cart_currency_switch_url.length '>' 0 }}\n                               data-cart-currency-switch-url=\"{{{cart_currency_switch_url}}}\"\n                               {{/if}}\n                               data-warning=\"{{lang 'common.currency_switch_promotion'}}\"\n                            >\n                                {{#if is_active}}\n                                    <strong>{{name}}</strong>\n                                {{else}}\n                                    {{name}}\n                                {{/if}}\n                            </a>\n                        </li>\n                        {{/each}}\n                    </ul>\n                </div>\n            </li>\n        {{/if}}\n        {{#if settings.gift_certificates_enabled}}\n            <li class=\"navPages-item\">\n                <a class=\"navPages-action\"\n                   href=\"{{urls.gift_certificate.purchase}}\"\n                   aria-label=\"{{lang 'common.gift_cert'}}\"\n                >\n                    {{lang 'common.gift_cert'}}\n                </a>\n            </li>\n        {{/if}}\n        {{#if customer.store_credit.value '>' 0}}\n            <li class=\"navPages-item\">\n                <a class=\"navPages-action navPages-action--storeCredit\">\n                    {{lang 'common.store_credit_overview' credit=customer.store_credit.formatted}}\n                </a>\n            </li>\n        {{/if}}\n        {{#if theme_settings.product_list_display_mode '==' 'list'}}\n            <li class=\"navPages-item\">\n                <a class=\"navPages-action navPages-action--compare\"\n                   href=\"{{urls.compare}}\"\n                   data-compare-nav\n                   aria-label=\"{{lang 'common.compare'}}\"\n                >\n                    {{lang 'common.compare'}}\n                    <span class=\"countPill countPill--positive countPill--alt\"></span>\n                </a>\n            </li>\n        {{/if}}\n        {{#if customer}}\n            <li class=\"navPages-item\">\n                <a class=\"navPages-action has-subMenu\"\n                   href=\"{{urls.account.index}}\"\n                   data-collapsible=\"navPages-account\"\n                   aria-label=\"{{lang 'common.account'}}\"\n                >\n                    {{lang 'common.account'}}\n                    <i class=\"icon navPages-action-moreIcon\" aria-hidden=\"true\">\n                        <svg><use xlink:href=\"#icon-chevron-down\" /></svg>\n                    </i>\n                </a>\n                <div class=\"navPage-subMenu\" id=\"navPages-account\" aria-hidden=\"true\" tabindex=\"-1\">\n                    <ul class=\"navPage-subMenu-list\">\n                        <li class=\"navPage-subMenu-item\">\n                            <a class=\"navPage-subMenu-action navPages-action\"\n                               href=\"{{urls.account.orders.all}}\"\n                               aria-label=\"{{lang 'account.nav.orders'}}\"\n                            >\n                                {{lang 'account.nav.orders'}}\n                            </a>\n                        </li>\n                        {{#if settings.returns_enabled}}\n                            <li class=\"navPage-subMenu-item\">\n                                <a class=\"navPage-subMenu-action navPages-action\"\n                                   href=\"{{urls.account.returns}}\"\n                                   aria-label=\"{{lang 'account.nav.returns'}}\"\n                                >\n                                    {{lang 'account.nav.returns'}}\n                                </a>\n                            </li>\n                        {{/if}}\n                        <li class=\"navPage-subMenu-item\">\n                            <a class=\"navPage-subMenu-action navPages-action\"\n                               href=\"{{urls.account.inbox}}\"\n                               aria-label=\"{{lang 'account.mobile_nav.messages'}}\"\n                            >\n                                {{lang 'account.mobile_nav.messages'}}\n                            </a>\n                        </li>\n                        <li class=\"navPage-subMenu-item\">\n                            <a class=\"navPage-subMenu-action navPages-action\"\n                               href=\"{{urls.account.addresses}}\"\n                               aria-label=\"{{lang 'account.nav.addresses'}}\"\n                            >\n                                {{lang 'account.nav.addresses'}}\n                            </a>\n                        </li>\n                        {{#if settings.show_payment_methods}}\n                            <li class=\"navPage-subMenu-item\">\n                                <a class=\"navPage-subMenu-action navPages-action\"\n                                   href=\"{{urls.account.payment_methods.all}}\"\n                                   aria-label=\"{{lang 'account.nav.payment_methods'}}\"\n                                >\n                                    {{lang 'account.nav.payment_methods'}}\n                                </a>\n                            </li>\n                        {{/if}}\n                        <li class=\"navPage-subMenu-item\">\n                            <a class=\"navPage-subMenu-action navPages-action\"\n                               href=\"{{urls.account.wishlists.all}}\"\n                               aria-label=\"{{lang 'account.mobile_nav.wishlists'}}\"\n                            >\n                                {{lang 'account.mobile_nav.wishlists'}}\n                            </a>\n                        </li>\n                        <li class=\"navPage-subMenu-item\">\n                            <a class=\"navPage-subMenu-action navPages-action\"\n                               href=\"{{urls.account.recent_items}}\"\n                               aria-label=\"{{lang 'account.nav.recently_viewed'}}\"\n                            >\n                                {{lang 'account.nav.recently_viewed'}}\n                            </a>\n                        </li>\n                        <li class=\"navPage-subMenu-item\">\n                            <a class=\"navPage-subMenu-action navPages-action\"\n                               href=\"{{urls.account.details}}\"\n                               aria-label=\"{{lang 'account.nav.settings'}}\"\n                            >\n                                {{lang 'account.nav.settings'}}\n                            </a>\n                        </li>\n                    </ul>\n                </div>\n            </li>\n            <li class=\"navPages-item\">\n                <a class=\"navPages-action\"\n                   href=\"{{urls.auth.logout}}\"\n                   aria-label=\"{{lang 'common.logout'}}\"\n                >\n                    {{lang 'common.logout'}}\n                </a>\n            </li>\n        {{else}}\n            <li class=\"navPages-item\">\n                <a class=\"navPages-action\"\n                   href=\"{{urls.auth.login}}\"\n                   aria-label=\"{{lang 'common.login'}}\"\n                >\n                    {{lang 'common.login'}}\n                </a>\n                {{#if settings.account_creation_enabled}}\n                    {{lang 'common.or'}}\n                    <a class=\"navPages-action\"\n                       href=\"{{urls.auth.create_account}}\"\n                       aria-label=\"{{lang 'common.sign_up'}}\"\n                    >\n                        {{lang 'common.sign_up'}}\n                    </a>\n                {{/if}}\n            </li>\n        {{/if}}\n        {{#if theme_settings.social_icon_placement_top}}\n            <li class=\"navPages-item\">\n                {{> components/common/social-links}}\n            </li>\n        {{/if}}\n    </ul>\n</nav>\n",
  "components/common/store-logo": "<a href=\"{{urls.home}}\" class=\"header-logo__link\">\n    {{#if settings.store_logo.image}}\n        {{#if theme_settings.logo_size '===' 'original'}}\n            <img class=\"img-fluid\" src=\"{{cdn 'assets/img/store-logo.png' }}\"  alt=\"{{settings.store_logo.title}}\" title=\"{{settings.store_logo.title}}\">\n        {{else}}\n            <div class=\"header-logo-image-container\" style=\"min-height:0px !important;\">\n                <img class=\"img-fluid\" src=\"{{cdn 'assets/img/store-logo.png' }}\" alt=\"{{settings.store_logo.title}}\" title=\"{{settings.store_logo.title}}\">\n            </div>\n        {{/if}}\n    {{else}}\n        <span class=\"header-logo-text\">{{settings.store_logo.title}}</span>\n    {{/if}}\n</a>\n",
  "components/common/subscription-form": "<form class=\"form\" action=\"{{urls.subscribe.action}}\" method=\"post\" style=\"margin:0 !important;\">\n    <fieldset class=\"form-fieldset\">\n        <input type=\"hidden\" name=\"action\" value=\"subscribe\">\n        <input type=\"hidden\" name=\"nl_first_name\" value=\"bc\">\n        <input type=\"hidden\" name=\"check\" value=\"1\">\n        <div class=\"form-field border-bottom\">\n            <div class=\"form-prefixPostfix wrap\">\n                <div class=\"input-group mb-3\"  style=\"height:4vw;\">\n                    <input type=\"text\" class=\"form-control\" placeholder=\"{{lang 'newsletter.email_placeholder'}}\" aria-required=\"true\" aria-label=\"Recipient's username\" aria-describedby=\"alertBox-message-text\">\n                    <div class=\"input-group-append\">\n                        <button class=\"fa fa-paper-plane blog-paper-plane\" style=\"background-color: #53bcc1;color:white;width: 3vw;\" type=\"button\"></button>\n                    </div>\n                </div>\n            </div>\n            {{#if settings.show_newsletter_summary }}\n                <div class=\"footer-newsletter-summary\">{{settings.newsletter_summary}}</div>\n            {{/if}}\n        </div>\n    </fieldset>\n</form>\n",
  "components/common/social-links": "{{#if social_media}}\n    <ul class=\"socialLinks socialLinks--alt\">\n        {{#each social_media}}\n            <li class=\"socialLinks-item\">\n                <a class=\"icon icon--{{display_name}}\" href=\"{{url}}\" target=\"_blank\" rel=\"noopener\">\n                    <svg><use xlink:href=\"#icon-{{display_name}}\" /></svg>\n                </a>\n            </li>\n        {{/each}}\n    </ul>\n{{/if}}\n",
  "components/common/payment-icons": "{{#with theme_settings}}\n    {{#or show_accept_amex show_accept_discover show_accept_mastercard show_accept_paypal show_accept_visa show_accept_amazonpay show_accept_googlepay show_accept_klarna}}\n    <div class=\"footer-payment-icons\">\n        {{#if show_accept_amex}}\n        <svg class=\"footer-payment-icon\"><use xlink:href=\"#icon-logo-american-express\"></use></svg>\n        {{/if}}\n        {{#if show_accept_discover}}\n        <svg class=\"footer-payment-icon\"><use xlink:href=\"#icon-logo-discover\"></use></svg>\n        {{/if}}\n        {{#if show_accept_mastercard}}\n        <svg class=\"footer-payment-icon\"><use xlink:href=\"#icon-logo-mastercard\"></use></svg>\n        {{/if}}\n        {{#if show_accept_paypal}}\n        <svg class=\"footer-payment-icon\"><use xlink:href=\"#icon-logo-paypal\"></use></svg>\n        {{/if}}\n        {{#if show_accept_visa}}\n        <svg class=\"footer-payment-icon\"><use xlink:href=\"#icon-logo-visa\"></use></svg>\n        {{/if}}\n        {{#if show_accept_amazonpay}}\n        <svg class=\"footer-payment-icon\"><use xlink:href=\"#icon-logo-amazonpay\"></use></svg>\n        {{/if}}\n        {{#if show_accept_googlepay}}\n        <svg class=\"footer-payment-icon\"><use xlink:href=\"#icon-logo-googlepay\"></use></svg>\n        {{/if}}\n        {{#if show_accept_klarna}}\n        <svg class=\"footer-payment-icon\"><use xlink:href=\"#icon-logo-klarna\"></use></svg>\n        {{/if}}\n    </div>\n    {{/or}}\n{{/with}}\n",
  "components/common/geotrust-ssl-seal": "<table width=\"135\" border=\"0\" cellpadding=\"2\" cellspacing=\"0\" title=\"Click to Verify - This site chose GeoTrust SSL for secure e-commerce and confidential communications.\">\n    <tr>\n        <td width=\"135\" align=\"center\" valign=\"top\">\n            <script type=\"text/javascript\" src=\"https://seal.geotrust.com/getgeotrustsslseal?host_name={{theme_settings.geotrust_ssl_common_name}}&amp;size={{theme_settings.geotrust_ssl_seal_size}}&amp;lang={{locale_name}}\"></script><br />\n            <a href=\"http://www.geotrust.com/ssl/\" target=\"_blank\"  style=\"color:#000000; text-decoration:none; font:bold 7px verdana,sans-serif; letter-spacing:.5px; text-align:center; margin:0px; padding:0px;\"></a>\n        </td>\n    </tr>\n</table>\n",
  "components/common/modal/modal": "<div id=\"modal\" class=\"modal\" data-reveal data-prevent-quick-search-close>\n    {{> components/common/modal/modal-close-btn}}\n    <div class=\"modal-content\"></div>\n    <div class=\"loadingOverlay\"></div>\n</div>\n",
  "components/common/alert/alert-modal": "<div id=\"alert-modal\" class=\"modal modal--alert modal--small\" data-reveal data-prevent-quick-search-close>\n    <div class=\"swal2-icon swal2-error swal2-icon-show\"><span class=\"swal2-x-mark\"><span class=\"swal2-x-mark-line-left\"></span><span class=\"swal2-x-mark-line-right\"></span></span></div>\n\n    <div class=\"modal-content\"></div>\n\n    <div class=\"button-container\"><button type=\"button\" class=\"confirm button\" data-reveal-close>OK</button></div>\n</div>\n",
  "components/common/currency-selector": "{{#if currency_selector.currencies.length '>' 1}}\n<ul class=\"navUser-section\">\n    <li class=\"navUser-item\">\n        <a class=\"navUser-action navUser-action--currencySelector has-dropdown\"\n           href=\"#\"\n           data-dropdown=\"currencySelection\"\n           aria-controls=\"currencySelection\"\n           aria-expanded=\"false\"\n        >\n            {{lang 'common.currency' code=currency_selector.active_currency_code}}\n            <i class=\"icon\" aria-hidden=\"true\">\n                <svg>\n                    <use xlink:href=\"#icon-chevron-down\" />\n                </svg>\n            </i>\n        </a>\n        <ul class=\"dropdown-menu\" id=\"currencySelection\" data-dropdown-content aria-hidden=\"true\" tabindex=\"-1\">\n            {{#each currency_selector.currencies}}\n            <li class=\"dropdown-menu-item\">\n                <a href=\"{{{switch_url}}}\"\n                   data-currency-code=\"{{{code}}}\"\n                   {{#if cart_currency_switch_url.length '>' 0 }}\n                   data-cart-currency-switch-url=\"{{{cart_currency_switch_url}}}\"\n                   {{/if}}\n                   data-warning=\"{{lang 'common.currency_switch_promotion'}}\"\n                >\n                {{#if is_active}}\n                    <strong>{{name}}</strong>\n                {{else}}\n                    {{name}}\n                {{/if}}\n                </a>\n            </li>\n            {{/each}}\n        </ul>\n    </li>\n</ul>\n{{/if}}\n",
  "components/common/quick-search": "<div class=\"container\">\n    <form class=\"form\" onsubmit=\"return false\" data-url=\"{{urls.search}}\" data-quick-search-form>\n        <fieldset class=\"form-fieldset\">\n            <div class=\"form-field\">\n                <label class=\"is-srOnly\" for=\"{{name}}\">{{lang \"search.quick_search.input_label\"}}</label>\n                <input class=\"form-input\"\n                       data-search-quick\n                       name=\"{{name}}\"\n                       id=\"{{name}}\"\n                       data-error-message=\"{{lang 'search.error.empty_field'}}\"\n                       placeholder=\"{{lang 'search.quick_search.input_placeholder'}}\"\n                       autocomplete=\"off\"\n                >\n            </div>\n        </fieldset>\n    </form>\n    <section class=\"quickSearchResults\" data-bind=\"html: results\"></section>\n    <p role=\"status\"\n       aria-live=\"polite\"\n       class=\"aria-description--hidden\"\n       data-search-aria-message-predefined-text=\"{{{lang 'search.results.quick_count_live'}}}\"\n    ></p>\n</div>\n",
  "components/common/navigation-list": "{{#if children}}\n<a class=\"navPages-action has-subMenu{{#if is_active}} activePage{{/if}}\"\n   href=\"{{url}}\"\n   data-collapsible=\"navPages-{{id}}\"\n>\n    {{name}}\n    <i class=\"icon navPages-action-moreIcon\" aria-hidden=\"true\">\n        <svg><use xlink:href=\"#icon-chevron-down\" /></svg>\n    </i>\n</a>\n<div class=\"navPage-subMenu\" id=\"navPages-{{id}}\" aria-hidden=\"true\" tabindex=\"-1\">\n    <ul class=\"navPage-subMenu-list\">\n        <li class=\"navPage-subMenu-item\">\n            <a class=\"navPage-subMenu-action navPages-action\"\n               href=\"{{url}}\"\n               aria-label=\"{{lang 'category.view_all.name' category=name}}\"\n            >\n                {{lang 'category.view_all.name' category=name}}\n            </a>\n        </li>\n        {{#each children}}\n            <li class=\"navPage-subMenu-item\">\n                {{#if children}}\n                    <a class=\"navPage-subMenu-action navPages-action has-subMenu{{#if is_active}} activePage{{/if}}\"\n                       href=\"{{url}}\"\n                       aria-label=\"{{name}}\"\n                    >\n                        {{name}}\n                        <span class=\"collapsible-icon-wrapper\"\n                            data-collapsible=\"navPages-{{id}}\"\n                            data-collapsible-disabled-breakpoint=\"medium\"\n                            data-collapsible-disabled-state=\"open\"\n                            data-collapsible-enabled-state=\"closed\"\n                        >\n                            <i class=\"icon navPages-action-moreIcon\" aria-hidden=\"true\">\n                                <svg><use xlink:href=\"#icon-chevron-down\" /></svg>\n                            </i>\n                        </span>\n                    </a>\n                    <ul class=\"navPage-childList\" id=\"navPages-{{id}}\">\n                        {{#each children}}\n                        <li class=\"navPage-childList-item\">\n                            <a class=\"navPage-childList-action navPages-action{{#if is_active}} activePage{{/if}}\"\n                               href=\"{{url}}\"\n                               aria-label=\"{{name}}\"\n                            >\n                                {{name}}\n                            </a>\n                        </li>\n                        {{/each}}\n                    </ul>\n                {{else}}\n                    <a class=\"navPage-subMenu-action navPages-action{{#if is_active}} activePage{{/if}}\"\n                       href=\"{{url}}\"\n                       aria-label=\"{{name}}\"\n                    >\n                        {{name}}\n                    </a>\n                {{/if}}\n            </li>\n        {{/each}}\n    </ul>\n</div>\n{{else}}\n<a class=\"navPages-action{{#if is_active}} activePage{{/if}}\"\n   href=\"{{url}}\"\n   aria-label=\"{{name}}\"\n>\n    {{name}}\n</a>\n{{/if}}\n",
  "components/common/navigation-list-alternate": "{{#if children}}\n    <a class=\"navPages-action navPages-action-depth-max has-subMenu is-root{{#if is_active}} activePage{{/if}}\"\n       href=\"{{url}}\"\n       data-collapsible=\"navPages-{{id}}\"\n       aria-label=\"{{name}}\"\n    >\n        {{name}}\n        <i class=\"icon navPages-action-moreIcon\" aria-hidden=\"true\">\n            <svg><use xlink:href=\"#icon-chevron-down\" /></svg>\n        </i>\n    </a>\n    {{> components/common/navigation-dropdown}}\n{{else}}\n    <a class=\"navPages-action{{#if is_active}} activePage{{/if}}\"\n       href=\"{{url}}\"\n       aria-label=\"{{name}}\"\n    >\n        {{name}}\n    </a>\n{{/if}}\n",
  "components/common/modal/modal-close-btn": "<button class=\"modal-close\"\n        type=\"button\"\n        title=\"{{lang 'common.close'}}\"\n        {{additional_attr}}\n>\n    <span class=\"aria-description--hidden\">{{lang 'common.close'}}</span>\n    <span aria-hidden=\"true\">&#215;</span>\n</button>\n",
  "components/common/navigation-dropdown": "<div class=\"navPage-subMenu navPage-subMenu-horizontal\" id=\"navPages-{{id}}\" aria-hidden=\"true\" tabindex=\"-1\">\n    <ul class=\"navPage-subMenu-list\">\n        <li class=\"navPage-subMenu-item-parent\">\n            <a class=\"navPage-subMenu-action navPages-action navPages-action-depth-max\" href=\"{{url}}\">{{lang 'category.view_all.name' category=name}}</a>\n        </li>\n        {{#each children}}\n            <li class=\"navPage-subMenu-item-child\">\n                {{#if children}}\n                    <a class=\"navPage-subMenu-action navPages-action navPages-action-depth-max has-subMenu{{#if is_active}} activePage{{/if}}\" href=\"{{url}}\" data-collapsible=\"navPages-{{id}}\">\n                        {{name}}<i class=\"icon navPages-action-moreIcon\" aria-hidden=\"true\"><svg><use xlink:href=\"#icon-chevron-down\" /></svg></i>\n                    </a>\n                    {{> components/common/navigation-dropdown}}\n                {{else}}\n                    <a class=\"navPage-subMenu-action navPages-action{{#if is_active}} activePage{{/if}}\" href=\"{{url}}\">{{name}}</a>\n                {{/if}}\n            </li>\n        {{/each}}\n    </ul>\n</div>\n"
}